{"name":"m4_marcos_garcia","classpathEntries":[{"kind":"binary","path":"C:\\Program Files\\Java\\jdk-11.0.4\\lib\\jrt-fs.jar","sourceContainerUrl":"file:/C:/Program%20Files/Java/jdk-11.0.4/lib/src.zip","javadocContainerUrl":"https://docs.oracle.com/javase/11/docs/api/","isSystem":true,"isOwn":false,"isTest":false,"isJavaContent":false},{"kind":"binary","path":"C:\\Users\\Grupo CARAC\\.m2\\repository\\org\\hibernate\\hibernate-core\\5.4.8.Final\\hibernate-core-5.4.8.Final.jar","sourceContainerUrl":"file:/C:/Users/Grupo%20CARAC/.m2/repository/org/hibernate/hibernate-core/5.4.8.Final/hibernate-core-5.4.8.Final-sources.jar","javadocContainerUrl":"file:/C:/Users/Grupo%20CARAC/.m2/repository/org/hibernate/hibernate-core/5.4.8.Final/hibernate-core-5.4.8.Final-javadoc.jar","isSystem":false,"isOwn":false,"isTest":false,"isJavaContent":false},{"kind":"binary","path":"C:\\Users\\Grupo CARAC\\.m2\\repository\\org\\jboss\\logging\\jboss-logging\\3.3.2.Final\\jboss-logging-3.3.2.Final.jar","sourceContainerUrl":"file:/C:/Users/Grupo%20CARAC/.m2/repository/org/jboss/logging/jboss-logging/3.3.2.Final/jboss-logging-3.3.2.Final-sources.jar","javadocContainerUrl":"file:/C:/Users/Grupo%20CARAC/.m2/repository/org/jboss/logging/jboss-logging/3.3.2.Final/jboss-logging-3.3.2.Final-javadoc.jar","isSystem":false,"isOwn":false,"isTest":false,"isJavaContent":false},{"kind":"binary","path":"C:\\Users\\Grupo CARAC\\.m2\\repository\\javax\\persistence\\javax.persistence-api\\2.2\\javax.persistence-api-2.2.jar","sourceContainerUrl":"file:/C:/Users/Grupo%20CARAC/.m2/repository/javax/persistence/javax.persistence-api/2.2/javax.persistence-api-2.2-sources.jar","javadocContainerUrl":"file:/C:/Users/Grupo%20CARAC/.m2/repository/javax/persistence/javax.persistence-api/2.2/javax.persistence-api-2.2-javadoc.jar","isSystem":false,"isOwn":false,"isTest":false,"isJavaContent":false},{"kind":"binary","path":"C:\\Users\\Grupo CARAC\\.m2\\repository\\org\\javassist\\javassist\\3.24.0-GA\\javassist-3.24.0-GA.jar","sourceContainerUrl":"file:/C:/Users/Grupo%20CARAC/.m2/repository/org/javassist/javassist/3.24.0-GA/javassist-3.24.0-GA-sources.jar","javadocContainerUrl":"file:/C:/Users/Grupo%20CARAC/.m2/repository/org/javassist/javassist/3.24.0-GA/javassist-3.24.0-GA-javadoc.jar","isSystem":false,"isOwn":false,"isTest":false,"isJavaContent":false},{"kind":"binary","path":"C:\\Users\\Grupo CARAC\\.m2\\repository\\net\\bytebuddy\\byte-buddy\\1.10.2\\byte-buddy-1.10.2.jar","sourceContainerUrl":"file:/C:/Users/Grupo%20CARAC/.m2/repository/net/bytebuddy/byte-buddy/1.10.2/byte-buddy-1.10.2-sources.jar","javadocContainerUrl":"file:/C:/Users/Grupo%20CARAC/.m2/repository/net/bytebuddy/byte-buddy/1.10.2/byte-buddy-1.10.2-javadoc.jar","isSystem":false,"isOwn":false,"isTest":false,"isJavaContent":false},{"kind":"binary","path":"C:\\Users\\Grupo CARAC\\.m2\\repository\\antlr\\antlr\\2.7.7\\antlr-2.7.7.jar","isSystem":false,"isOwn":false,"isTest":false,"isJavaContent":false},{"kind":"binary","path":"C:\\Users\\Grupo CARAC\\.m2\\repository\\org\\jboss\\spec\\javax\\transaction\\jboss-transaction-api_1.2_spec\\1.1.1.Final\\jboss-transaction-api_1.2_spec-1.1.1.Final.jar","sourceContainerUrl":"file:/C:/Users/Grupo%20CARAC/.m2/repository/org/jboss/spec/javax/transaction/jboss-transaction-api_1.2_spec/1.1.1.Final/jboss-transaction-api_1.2_spec-1.1.1.Final-sources.jar","javadocContainerUrl":"file:/C:/Users/Grupo%20CARAC/.m2/repository/org/jboss/spec/javax/transaction/jboss-transaction-api_1.2_spec/1.1.1.Final/jboss-transaction-api_1.2_spec-1.1.1.Final-javadoc.jar","isSystem":false,"isOwn":false,"isTest":false,"isJavaContent":false},{"kind":"binary","path":"C:\\Users\\Grupo CARAC\\.m2\\repository\\org\\jboss\\jandex\\2.0.5.Final\\jandex-2.0.5.Final.jar","sourceContainerUrl":"file:/C:/Users/Grupo%20CARAC/.m2/repository/org/jboss/jandex/2.0.5.Final/jandex-2.0.5.Final-sources.jar","isSystem":false,"isOwn":false,"isTest":false,"isJavaContent":false},{"kind":"binary","path":"C:\\Users\\Grupo CARAC\\.m2\\repository\\com\\fasterxml\\classmate\\1.3.4\\classmate-1.3.4.jar","sourceContainerUrl":"file:/C:/Users/Grupo%20CARAC/.m2/repository/com/fasterxml/classmate/1.3.4/classmate-1.3.4-sources.jar","javadocContainerUrl":"file:/C:/Users/Grupo%20CARAC/.m2/repository/com/fasterxml/classmate/1.3.4/classmate-1.3.4-javadoc.jar","isSystem":false,"isOwn":false,"isTest":false,"isJavaContent":false},{"kind":"binary","path":"C:\\Users\\Grupo CARAC\\.m2\\repository\\javax\\activation\\javax.activation-api\\1.2.0\\javax.activation-api-1.2.0.jar","sourceContainerUrl":"file:/C:/Users/Grupo%20CARAC/.m2/repository/javax/activation/javax.activation-api/1.2.0/javax.activation-api-1.2.0-sources.jar","javadocContainerUrl":"file:/C:/Users/Grupo%20CARAC/.m2/repository/javax/activation/javax.activation-api/1.2.0/javax.activation-api-1.2.0-javadoc.jar","isSystem":false,"isOwn":false,"isTest":false,"isJavaContent":false},{"kind":"binary","path":"C:\\Users\\Grupo CARAC\\.m2\\repository\\org\\dom4j\\dom4j\\2.1.1\\dom4j-2.1.1.jar","sourceContainerUrl":"file:/C:/Users/Grupo%20CARAC/.m2/repository/org/dom4j/dom4j/2.1.1/dom4j-2.1.1-sources.jar","javadocContainerUrl":"file:/C:/Users/Grupo%20CARAC/.m2/repository/org/dom4j/dom4j/2.1.1/dom4j-2.1.1-javadoc.jar","isSystem":false,"isOwn":false,"isTest":false,"isJavaContent":false},{"kind":"binary","path":"C:\\Users\\Grupo CARAC\\.m2\\repository\\org\\hibernate\\common\\hibernate-commons-annotations\\5.1.0.Final\\hibernate-commons-annotations-5.1.0.Final.jar","sourceContainerUrl":"file:/C:/Users/Grupo%20CARAC/.m2/repository/org/hibernate/common/hibernate-commons-annotations/5.1.0.Final/hibernate-commons-annotations-5.1.0.Final-sources.jar","isSystem":false,"isOwn":false,"isTest":false,"isJavaContent":false},{"kind":"binary","path":"C:\\Users\\Grupo CARAC\\.m2\\repository\\javax\\xml\\bind\\jaxb-api\\2.3.1\\jaxb-api-2.3.1.jar","sourceContainerUrl":"file:/C:/Users/Grupo%20CARAC/.m2/repository/javax/xml/bind/jaxb-api/2.3.1/jaxb-api-2.3.1-sources.jar","javadocContainerUrl":"file:/C:/Users/Grupo%20CARAC/.m2/repository/javax/xml/bind/jaxb-api/2.3.1/jaxb-api-2.3.1-javadoc.jar","isSystem":false,"isOwn":false,"isTest":false,"isJavaContent":false},{"kind":"binary","path":"C:\\Users\\Grupo CARAC\\.m2\\repository\\org\\glassfish\\jaxb\\jaxb-runtime\\2.3.1\\jaxb-runtime-2.3.1.jar","sourceContainerUrl":"file:/C:/Users/Grupo%20CARAC/.m2/repository/org/glassfish/jaxb/jaxb-runtime/2.3.1/jaxb-runtime-2.3.1-sources.jar","javadocContainerUrl":"file:/C:/Users/Grupo%20CARAC/.m2/repository/org/glassfish/jaxb/jaxb-runtime/2.3.1/jaxb-runtime-2.3.1-javadoc.jar","isSystem":false,"isOwn":false,"isTest":false,"isJavaContent":false},{"kind":"binary","path":"C:\\Users\\Grupo CARAC\\.m2\\repository\\org\\glassfish\\jaxb\\txw2\\2.3.1\\txw2-2.3.1.jar","sourceContainerUrl":"file:/C:/Users/Grupo%20CARAC/.m2/repository/org/glassfish/jaxb/txw2/2.3.1/txw2-2.3.1-sources.jar","javadocContainerUrl":"file:/C:/Users/Grupo%20CARAC/.m2/repository/org/glassfish/jaxb/txw2/2.3.1/txw2-2.3.1-javadoc.jar","isSystem":false,"isOwn":false,"isTest":false,"isJavaContent":false},{"kind":"binary","path":"C:\\Users\\Grupo CARAC\\.m2\\repository\\com\\sun\\istack\\istack-commons-runtime\\3.0.7\\istack-commons-runtime-3.0.7.jar","sourceContainerUrl":"file:/C:/Users/Grupo%20CARAC/.m2/repository/com/sun/istack/istack-commons-runtime/3.0.7/istack-commons-runtime-3.0.7-sources.jar","javadocContainerUrl":"file:/C:/Users/Grupo%20CARAC/.m2/repository/com/sun/istack/istack-commons-runtime/3.0.7/istack-commons-runtime-3.0.7-javadoc.jar","isSystem":false,"isOwn":false,"isTest":false,"isJavaContent":false},{"kind":"binary","path":"C:\\Users\\Grupo CARAC\\.m2\\repository\\org\\jvnet\\staxex\\stax-ex\\1.8\\stax-ex-1.8.jar","sourceContainerUrl":"file:/C:/Users/Grupo%20CARAC/.m2/repository/org/jvnet/staxex/stax-ex/1.8/stax-ex-1.8-sources.jar","javadocContainerUrl":"file:/C:/Users/Grupo%20CARAC/.m2/repository/org/jvnet/staxex/stax-ex/1.8/stax-ex-1.8-javadoc.jar","isSystem":false,"isOwn":false,"isTest":false,"isJavaContent":false},{"kind":"binary","path":"C:\\Users\\Grupo CARAC\\.m2\\repository\\com\\sun\\xml\\fastinfoset\\FastInfoset\\1.2.15\\FastInfoset-1.2.15.jar","sourceContainerUrl":"file:/C:/Users/Grupo%20CARAC/.m2/repository/com/sun/xml/fastinfoset/FastInfoset/1.2.15/FastInfoset-1.2.15-sources.jar","javadocContainerUrl":"file:/C:/Users/Grupo%20CARAC/.m2/repository/com/sun/xml/fastinfoset/FastInfoset/1.2.15/FastInfoset-1.2.15-javadoc.jar","isSystem":false,"isOwn":false,"isTest":false,"isJavaContent":false},{"kind":"binary","path":"C:\\Users\\Grupo CARAC\\.m2\\repository\\org\\mariadb\\jdbc\\mariadb-java-client\\2.5.1\\mariadb-java-client-2.5.1.jar","sourceContainerUrl":"file:/C:/Users/Grupo%20CARAC/.m2/repository/org/mariadb/jdbc/mariadb-java-client/2.5.1/mariadb-java-client-2.5.1-sources.jar","javadocContainerUrl":"file:/C:/Users/Grupo%20CARAC/.m2/repository/org/mariadb/jdbc/mariadb-java-client/2.5.1/mariadb-java-client-2.5.1-javadoc.jar","isSystem":false,"isOwn":false,"isTest":false,"isJavaContent":false},{"kind":"binary","path":"C:\\Users\\Grupo CARAC\\.m2\\repository\\javax\\servlet\\jstl\\1.2\\jstl-1.2.jar","sourceContainerUrl":"file:/C:/Users/Grupo%20CARAC/.m2/repository/javax/servlet/jstl/1.2/jstl-1.2-sources.jar","isSystem":false,"isOwn":false,"isTest":false,"isJavaContent":false},{"kind":"source","path":"D:\\CURSO_JAVA2\\m4_marcos_garcia\\src\\main\\java","outputFolder":"D:\\CURSO_JAVA2\\m4_marcos_garcia\\target\\classes","javadocContainerUrl":"file:/D:/CURSO_JAVA2/m4_marcos_garcia/target/site/apidocs","isSystem":false,"isOwn":true,"isTest":false,"isJavaContent":true},{"kind":"source","path":"D:\\CURSO_JAVA2\\m4_marcos_garcia\\src\\test\\java","outputFolder":"D:\\CURSO_JAVA2\\m4_marcos_garcia\\target\\test-classes","javadocContainerUrl":"file:/D:/CURSO_JAVA2/m4_marcos_garcia/target/site/apidocs","isSystem":false,"isOwn":true,"isTest":true,"isJavaContent":true},{"kind":"source","path":"D:\\CURSO_JAVA2\\m4_marcos_garcia\\src\\main\\resources","outputFolder":"D:\\CURSO_JAVA2\\m4_marcos_garcia\\target\\classes","isSystem":false,"isOwn":true,"isTest":false,"isJavaContent":false},{"kind":"source","path":"D:\\CURSO_JAVA2\\m4_marcos_garcia\\src\\test\\resources","outputFolder":"D:\\CURSO_JAVA2\\m4_marcos_garcia\\target\\test-classes","isSystem":false,"isOwn":true,"isTest":true,"isJavaContent":false},{"kind":"source","path":"D:\\CURSO_JAVA2\\m4_marcos_garcia\\src\\test\\java","outputFolder":"D:\\CURSO_JAVA2\\m4_marcos_garcia\\target\\test-classes","javadocContainerUrl":"file:/D:/CURSO_JAVA2/m4_marcos_garcia/target/site/apidocs","isSystem":false,"isOwn":true,"isTest":false,"isJavaContent":false}]}